{"cameraMode":{"drawMode":0,"name":"Shaded","section":"Shading Mode"},"sceneLighting":false,"audioPlay":false,"sceneViewState":{"showFog":false,"showMaterialUpdate":false,"showSkybox":false,"showFlares":false,"showImageEffects":false,"showParticleSystems":false},"in2DMode":false,"pivot":{"x":9.666534423828125,"y":-1.54219388961792,"z":1.3235448598861695},"rotation":{"x":0.13088376820087434,"y":0.4738236367702484,"z":-0.06859741359949112,"w":0.8688716292381287},"size":7.586129188537598,"orthographic":false}