{"cameraMode":{"drawMode":0,"name":"Shaded","section":"Shading Mode"},"sceneLighting":false,"audioPlay":false,"sceneViewState":{"showFog":true,"showMaterialUpdate":true,"showSkybox":false,"showFlares":true,"showImageEffects":true,"showParticleSystems":true},"in2DMode":false,"pivot":{"x":3.6113204956054689,"y":6.298286437988281,"z":-1.2721048593521119},"rotation":{"x":-0.47605574131011965,"y":0.2148168534040451,"z":-0.12349747866392136,"w":-0.8443554043769836},"size":3.650829553604126,"orthographic":false}