{"cameraMode":{"drawMode":0,"name":"Shaded","section":"Shading Mode"},"sceneLighting":false,"audioPlay":false,"sceneViewState":{"showFog":false,"showMaterialUpdate":false,"showSkybox":false,"showFlares":false,"showImageEffects":false,"showParticleSystems":false},"in2DMode":false,"pivot":{"x":2.2496681213378908,"y":0.31252849102020266,"z":-5.0477166175842289},"rotation":{"x":-0.02616734243929386,"y":-0.8234922289848328,"z":0.0373532772064209,"w":-0.5660938620567322},"size":0.8283325433731079,"orthographic":false}