{"cameraMode":{"drawMode":0,"name":"Shaded","section":"Shading Mode"},"sceneLighting":false,"audioPlay":false,"sceneViewState":{"showFog":true,"showMaterialUpdate":true,"showSkybox":false,"showFlares":true,"showImageEffects":true,"showParticleSystems":true},"in2DMode":false,"pivot":{"x":1.2412090301513672,"y":2.999999761581421,"z":1.6469312906265259},"rotation":{"x":-0.169900581240654,"y":-0.7164411544799805,"z":0.17061670124530793,"w":-0.6565693020820618},"size":3.889141798019409,"orthographic":false}