{"cameraMode":{"drawMode":0,"name":"Shaded","section":"Shading Mode"},"sceneLighting":false,"audioPlay":false,"sceneViewState":{"showFog":true,"showMaterialUpdate":true,"showSkybox":false,"showFlares":true,"showImageEffects":true,"showParticleSystems":true},"in2DMode":false,"pivot":{"x":1.374943494796753,"y":1.638877511024475,"z":-4.728478908538818},"rotation":{"x":0.12316976487636566,"y":-0.5665452480316162,"z":0.08619615435600281,"w":0.8102644085884094},"size":0.8683261275291443,"orthographic":false}