{"cameraMode":{"drawMode":0,"name":"Shaded","section":"Shading Mode"},"sceneLighting":false,"audioPlay":false,"sceneViewState":{"showFog":false,"showMaterialUpdate":false,"showSkybox":false,"showFlares":false,"showImageEffects":false,"showParticleSystems":false},"in2DMode":false,"pivot":{"x":5.909999847412109,"y":0.7260000705718994,"z":32.52899932861328},"rotation":{"x":0.055968884378671649,"y":-0.7722489237785339,"z":0.0664961040019989,"w":0.6294797658920288},"size":2.6634321212768556,"orthographic":false}