{"cameraMode":{"drawMode":0,"name":"Shaded","section":"Shading Mode"},"sceneLighting":false,"audioPlay":false,"sceneViewState":{"showFog":false,"showMaterialUpdate":false,"showSkybox":false,"showFlares":false,"showImageEffects":false,"showParticleSystems":false},"in2DMode":false,"pivot":{"x":33.24496841430664,"y":0.035264015197753909,"z":21.35288429260254},"rotation":{"x":-0.35382789373397829,"y":0.6141567230224609,"z":-0.35444268584251406,"w":-0.61031174659729},"size":2.5187900066375734,"orthographic":false}