{"cameraMode":{"drawMode":0,"name":"Shaded","section":"Shading Mode"},"sceneLighting":false,"audioPlay":false,"sceneViewState":{"showFog":false,"showMaterialUpdate":false,"showSkybox":false,"showFlares":false,"showImageEffects":false,"showParticleSystems":false},"in2DMode":false,"pivot":{"x":-0.8280000686645508,"y":2.246199131011963,"z":66.74299621582031},"rotation":{"x":-0.1992070972919464,"y":-0.03779785335063934,"z":0.009033961221575737,"w":-0.9794178605079651},"size":0.7071067690849304,"orthographic":false}