{"cameraMode":{"drawMode":0,"name":"Shaded","section":"Shading Mode"},"sceneLighting":false,"audioPlay":false,"sceneViewState":{"showFog":false,"showMaterialUpdate":false,"showSkybox":false,"showFlares":false,"showImageEffects":false,"showParticleSystems":false},"in2DMode":false,"pivot":{"x":-0.35304972529411318,"y":2.2160542011260988,"z":-4.813135623931885},"rotation":{"x":-0.05792903155088425,"y":-0.8263741135597229,"z":0.08560378104448319,"w":-0.5543602108955383},"size":0.6200277209281921,"orthographic":false}