{"cameraMode":{"drawMode":0,"name":"Shaded","section":"Shading Mode"},"sceneLighting":false,"audioPlay":false,"sceneViewState":{"showFog":false,"showMaterialUpdate":false,"showSkybox":false,"showFlares":false,"showImageEffects":false,"showParticleSystems":false},"in2DMode":false,"pivot":{"x":2.915121078491211,"y":1.3004153966903687,"z":-7.376285076141357},"rotation":{"x":0.32223498821258547,"y":0.17280854284763337,"z":-0.05986279621720314,"w":0.928878903388977},"size":2.651920795440674,"orthographic":false}