{"cameraMode":{"drawMode":0,"name":"Shaded","section":"Shading Mode"},"sceneLighting":true,"audioPlay":false,"sceneViewState":{"showFog":false,"showMaterialUpdate":false,"showSkybox":false,"showFlares":false,"showImageEffects":false,"showParticleSystems":false},"in2DMode":false,"pivot":{"x":-497.76800537109377,"y":-453.989501953125,"z":945.8466796875},"rotation":{"x":0.1962401270866394,"y":-0.23602204024791718,"z":0.04967593401670456,"w":0.95112544298172},"size":585.8324584960938,"orthographic":false}