{"cameraMode":{"drawMode":0,"name":"Shaded","section":"Shading Mode"},"sceneLighting":false,"audioPlay":false,"sceneViewState":{"showFog":false,"showMaterialUpdate":false,"showSkybox":false,"showFlares":false,"showImageEffects":false,"showParticleSystems":false},"in2DMode":false,"pivot":{"x":-1.023600697517395,"y":5.562282562255859,"z":-2.522108554840088},"rotation":{"x":-0.12830911576747895,"y":-0.20140403509140016,"z":0.0281659048050642,"w":-0.9708897471427918},"size":0.01422119140625,"orthographic":false}