{"cameraMode":{"drawMode":0,"name":"Shaded","section":"Shading Mode"},"sceneLighting":false,"audioPlay":false,"sceneViewState":{"showFog":false,"showMaterialUpdate":false,"showSkybox":false,"showFlares":false,"showImageEffects":false,"showParticleSystems":false},"in2DMode":false,"pivot":{"x":0.8450000286102295,"y":1.9500000476837159,"z":27.19499969482422},"rotation":{"x":-0.12984079122543336,"y":0.56309974193573,"z":-0.08971472829580307,"w":-0.8118309378623962},"size":27.835670471191408,"orthographic":false}