{"cameraMode":{"drawMode":0,"name":"Shaded","section":"Shading Mode"},"sceneLighting":false,"audioPlay":false,"sceneViewState":{"showFog":false,"showMaterialUpdate":false,"showSkybox":false,"showFlares":false,"showImageEffects":false,"showParticleSystems":false},"in2DMode":false,"pivot":{"x":1.1297179460525513,"y":1.7056328058242798,"z":-4.8379998207092289},"rotation":{"x":0.02873031049966812,"y":-0.9690203070640564,"z":0.13665537536144257,"w":0.20380350947380067},"size":-1.1671724319458008,"orthographic":false}