{"cameraMode":{"drawMode":0,"name":"Shaded","section":"Shading Mode"},"sceneLighting":false,"audioPlay":false,"sceneViewState":{"showFog":false,"showMaterialUpdate":false,"showSkybox":false,"showFlares":false,"showImageEffects":false,"showParticleSystems":false},"in2DMode":false,"pivot":{"x":4.18747615814209,"y":26.600000381469728,"z":75.80000305175781},"rotation":{"x":-0.10688534379005432,"y":0.7011513113975525,"z":-0.10577600449323654,"w":-0.6973277926445007},"size":16.22852897644043,"orthographic":false}