{"cameraMode":{"drawMode":0,"name":"Shaded","section":"Shading Mode"},"sceneLighting":false,"audioPlay":false,"sceneViewState":{"showFog":false,"showMaterialUpdate":false,"showSkybox":false,"showFlares":false,"showImageEffects":false,"showParticleSystems":false},"in2DMode":false,"pivot":{"x":-14.42703914642334,"y":-7.501134872436523,"z":47.336387634277347},"rotation":{"x":0.14924876391887666,"y":0.02648273855447769,"z":-0.001466458896175027,"w":0.9890913963317871},"size":20.639583587646486,"orthographic":false}