{"cameraMode":{"drawMode":0,"name":"Shaded","section":"Shading Mode"},"sceneLighting":false,"audioPlay":false,"sceneViewState":{"showFog":false,"showMaterialUpdate":false,"showSkybox":false,"showFlares":false,"showImageEffects":false,"showParticleSystems":false},"in2DMode":false,"pivot":{"x":3.0425288677215578,"y":-3.8617851734161379,"z":80.06517028808594},"rotation":{"x":0.22930605709552766,"y":0.3045969009399414,"z":-0.07604581862688065,"w":0.9217861890792847},"size":7.570767402648926,"orthographic":false}