{"cameraMode":{"drawMode":0,"name":"Shaded","section":"Shading Mode"},"sceneLighting":false,"audioPlay":false,"sceneViewState":{"showFog":true,"showMaterialUpdate":true,"showSkybox":false,"showFlares":true,"showImageEffects":true,"showParticleSystems":true},"in2DMode":false,"pivot":{"x":1.331207036972046,"y":-0.11417314410209656,"z":-4.71508264541626},"rotation":{"x":-0.08470390737056732,"y":0.7859645485877991,"z":-0.11750481277704239,"w":-0.6022577285766602},"size":0.8283324837684631,"orthographic":false}