{"cameraMode":{"drawMode":0,"name":"Shaded","section":"Shading Mode"},"sceneLighting":false,"audioPlay":false,"sceneViewState":{"showFog":false,"showMaterialUpdate":false,"showSkybox":false,"showFlares":false,"showImageEffects":false,"showParticleSystems":false},"in2DMode":false,"pivot":{"x":0.2473282814025879,"y":1.6793643236160279,"z":67.54887390136719},"rotation":{"x":0.06530988216400147,"y":0.6816927194595337,"z":-0.06093066558241844,"w":0.7266783714294434},"size":3.3440380096435549,"orthographic":false}