{"cameraMode":{"drawMode":0,"name":"Shaded","section":"Shading Mode"},"sceneLighting":false,"audioPlay":false,"sceneViewState":{"showFog":true,"showMaterialUpdate":true,"showSkybox":false,"showFlares":true,"showImageEffects":true,"showParticleSystems":true},"in2DMode":false,"pivot":{"x":1.281293511390686,"y":1.9999942779541016,"z":1.718762993812561},"rotation":{"x":0.03430962190032005,"y":-0.9623043537139893,"z":0.1664949357509613,"w":0.21506468951702119},"size":3.1477956771850588,"orthographic":false}