{"cameraMode":{"drawMode":0,"name":"Shaded","section":"Shading Mode"},"sceneLighting":false,"audioPlay":false,"sceneViewState":{"showFog":false,"showMaterialUpdate":false,"showSkybox":false,"showFlares":false,"showImageEffects":false,"showParticleSystems":false},"in2DMode":false,"pivot":{"x":1.4716683626174927,"y":1.758484125137329,"z":19.881132125854493},"rotation":{"x":0.24389789998531342,"y":-0.5922129154205322,"z":0.1954650580883026,"w":0.7434532046318054},"size":3.3440380096435549,"orthographic":false}